,Title,Link
0,Spy × Family,https://en.wikipedia.org/wiki/Spy_%C3%97_Family
1,Spy x Family (TV Series 2022,https://www.imdb.com/title/tt13706018/
2,Watch SPY x FAMILY,https://www.netflix.com/in/title/81511410
3,Watch SPY x FAMILY,https://www.crunchyroll.com/series/G4PH0WXVJ/spy-x-family?srsltid=AfmBOoo5uXLWxHK9WnvzuK3-dHWHHnPb8Kwg8ANibBc8X0Fd7RfSfB_H
4,Read Spy x Family Manga Free - Official Shonen Jump ...,https://www.viz.com/shonenjump/chapters/spy-x-family
5,What is Spy x Family about? Should I watch it? : r/SpyxFamily,https://www.reddit.com/r/SpyxFamily/comments/1jvnqgh/what_is_spy_x_family_about_should_i_watch_it/
6,Spy x Family Wiki - Fandom,https://spy-x-family.fandom.com/wiki/Spy_x_Family_Wiki
7,Watch Spy × Family Web Series Online for free in HD,https://www.mxplayer.in/show/watch-spy-family-series-online-6f93a856a9afc52995d07b57f84b3193
8,Watch SPY x FAMILY Streaming Online,https://www.hulu.com/series/spy-x-family-65d158d4-443f-44c7-bd2c-eae39f6c60e9
